Platform,Category,Official Program URL,Apply/Signup URL,Program/Network,Primary Benefits,Commission Model,Cookie Duration,Typical Payout Timing,Payment Methods,Approval Difficulty,Geo Availability,Best For,Signup Requirements,Tracking Method,Dashboard/Login URL,Support/Docs URL,YouTube Helper Link,Program Status,Last Verified (YYYY-MM-DD),My Website/Channel,My Primary Niche,Niche Fit Score (1-10),Application Submitted (Y/N),Application Date,Approval Status (Pending/Approved/Rejected),Approval Date,Affiliate ID / Publisher ID,Store ID / Associate Tag,Referral Code,API Key / Token,Deep Link Builder URL,Promo Assets Access (Y/N),Tax Form Submitted (Y/N),Payment Profile Completed (Y/N),Payout Threshold,Primary Landing Page,Top Offers To Promote,Compliance Notes,Brand Restrictions,Coupon/Deal Policy,Trademark/Bidding Policy,Contact Email Used,Account Owner Name,2FA Enabled (Y/N),Internal Notes,Next Action,Next Follow-up Date
Amazon Associates,Affiliate Program,https://affiliate-program.amazon.com/,https://affiliate-program.amazon.com/home/account/signup,Amazon Associates,"Massive catalog, strong conversion, trusted checkout",% of sale (varies by category),24h standard (longer if added to cart),Monthly (after holding period),Direct deposit/gift card/check (region dependent),Medium,Global with country-specific programs,"Blogs, niche sites, YouTube",Website/app/channel + disclosures,Associate tag + link parameters,https://affiliate-program.amazon.com/home/reports,https://affiliate-program.amazon.com/help,"https://www.youtube.com/results?search_query=amazon+associates+tutorial",Active,2026-03-10,,,,N,,,,,,,,,,,,,,,,,,,,,,,,,
Alibaba.com Affiliate,Affiliate Program,https://portals.alibabachain.com/,https://portals.alibabachain.com/,Alibaba Partner/Affiliate,"B2B products, global suppliers, large inventory",Varies by campaign/offer,Varies,Varies,Varies (program specific),Medium,Global,"B2B content, sourcing channels",Traffic source review + publisher profile,Tracking links/sub IDs,https://portals.alibabachain.com/,https://portals.alibabachain.com/,"https://www.youtube.com/results?search_query=alibaba+affiliate+program+tutorial",Active,2026-03-10,,,,N,,,,,,,,,,,,,,,,,,,,,,,,,
Black Diamond Equipment,Brand Program,https://www.blackdiamondequipment.com/,https://www.blackdiamondequipment.com/pages/affiliate-program,Brand direct and/or network by region,"Outdoor niche audience, brand loyalty",Usually % of sale,Varies,Varies,Varies,Medium,Primarily US + selected regions,"Outdoor, climbing, hiking creators",Quality content + traffic relevance,Affiliate links/network tracking,https://www.blackdiamondequipment.com/account,https://www.blackdiamondequipment.com/pages/affiliate-program,"https://www.youtube.com/results?search_query=black+diamond+affiliate+program",Active (region dependent),2026-03-10,,,,N,,,,,,,,,,,,,,,,,,,,,,,,,
Black Rifle Coffee,Brand via Network,https://www.blackriflecoffee.com/,https://www.flexoffers.com/affiliate-programs/black-rifle-coffee-company-affiliate-program/,Usually FlexOffers or similar,"Strong brand identity, repeat buyers",Usually % of sale,Often 30d (network dependent),Network schedule,Network payment options,Medium,Primarily US,"Coffee/lifestyle/podcast audiences",Network approval + traffic quality,Network tracking links + sub IDs,https://www.flexoffers.com/login/,https://www.flexoffers.com/faq/,"https://www.youtube.com/results?search_query=flexoffers+affiliate+tutorial",Active via network,2026-03-10,,,,N,,,,,,,,,,,,,,,,,,,,,,,,,
Pastrana / Nitro Circus,Partnership/Referral,https://www.nitrocircus.com/,https://www.nitrocircus.com/pages/contact,No widely listed open affiliate page,"Brand collaborations and event audiences",Unknown,Unknown,Unknown,Unknown,High (if partnership only),Global events/brand reach,"Action sports creators",Likely direct partnership inquiry,Referral code/partner attribution if approved,https://www.nitrocircus.com/account,https://www.nitrocircus.com/pages/contact,"https://www.youtube.com/results?search_query=nitro+circus+partner+program",Unclear public affiliate signup,2026-03-10,,,,N,,,,,,,,,,,,,,,,,,,,,,,,,
Alexa (Amazon),Associates Integration,https://developer.amazon.com/en-US/docs/alexa/alexa-shopping/register-for-associates.html,https://affiliate-program.amazon.com/,Uses Amazon Associates tag,"Monetize Alexa shopping experiences",Associates category rates,Associates rules apply,Associates payout cycle,Associates payment settings,Medium,Regions where Alexa shopping + Associates supported,"Alexa skill developers",Published skill + Associates account,Associate tag attribution in Alexa flows,https://developer.amazon.com/alexa/console/ask,https://developer.amazon.com/en-US/docs/alexa/alexa-shopping/register-for-associates.html,"https://www.youtube.com/results?search_query=alexa+amazon+associates",Active (integration),2026-03-10,,,,N,,,,,,,,,,,,,,,,,,,,,,,,,
Cloudflare,Partner Program,https://www.cloudflare.com/partners/,https://www.cloudflare.com/partners/,Channel/solutions partner model,"B2B recurring opportunities, enterprise clients",Partner incentives (not standard affiliate),N/A,N/A,Per partner agreement,High,Global,"MSPs, agencies, B2B consultants",Business profile + capabilities review,Partner account attribution,https://dash.cloudflare.com/,https://www.cloudflare.com/partners/,"https://www.youtube.com/results?search_query=cloudflare+partner+program",Active (partner, not classic affiliate),2026-03-10,,,,N,,,,,,,,,,,,,,,,,,,,,,,,,
AWS,Partner Network,https://aws.amazon.com/partners/,https://aws.amazon.com/partners/join/,AWS Partner Network (APN),"Credibility, co-sell opportunities, training",Partner benefits/incentives,N/A,N/A,Per APN/engagement terms,High,Global,"Cloud consultants, agencies, SaaS",Business registration + technical profile,APN account/program IDs,https://partnercentral.awspartner.com/,https://aws.amazon.com/partners/programs/,"https://www.youtube.com/results?search_query=aws+partner+network+overview",Active (partner model),2026-03-10,,,,N,,,,,,,,,,,,,,,,,,,,,,,,,
Google Workspace Affiliate,Affiliate Program,https://workspace.google.com/affiliate-program/,https://workspace.google.com/affiliate-program/,Typically via CJ/Awin by region,"High-intent business leads, trusted product",Per qualified signup/sale,Program/network dependent,Network payout schedule,Network payment options,Medium,Selected countries/regions,"B2B tech creators, agencies",Publisher site + policy compliance,Tracking links + conversion events,https://www.cj.com/ or https://ui.awin.com/,https://workspace.google.com/affiliate-program/,"https://www.youtube.com/results?search_query=google+workspace+affiliate+program",Active (region dependent),2026-03-10,,,,N,,,,,,,,,,,,,,,,,,,,,,,,,
ClickBank,Affiliate Network,https://www.clickbank.com/,https://accounts.clickbank.com/,ClickBank,"Fast signup, many digital offers, global reach",% of sale or CPA by offer,Vendor specific,Weekly/biweekly (settings dependent),Direct deposit/check/wire (region dependent),Low-Medium,Global,"Digital marketing, info products",Account + compliance acceptance,Hoplink (nickname-based tracking),https://accounts.clickbank.com/,https://support.clickbank.com/,"https://www.youtube.com/results?search_query=clickbank+affiliate+for+beginners",Active,2026-03-10,,,,N,,,,,,,,,,,,,,,,,,,,,,,,,
CJ Affiliate,Affiliate Network,https://www.cj.com/,https://signup.cj.com/,CJ,"Large advertiser base, robust reporting",Varies by advertiser,Advertiser specific,Network schedule,Direct deposit/check (region dependent),Medium,Global,"Established content sites",Publisher property + review,PID + deep links + sub IDs,https://members.cj.com/,https://www.cj.com/en/learn,"https://www.youtube.com/results?search_query=cj+affiliate+tutorial",Active,2026-03-10,,,,N,,,,,,,,,,,,,,,,,,,,,,,,,
Impact,Affiliate/Partnership Platform,https://impact.com/,https://app.impact.com/signup/mediapartner,Impact.com,"Strong tracking, premium brands, SaaS programs",Varies by brand/program,Program specific,Network/program terms,Bank/PayPal options (region/program dependent),Medium,Global,"SaaS, DTC, creators with quality traffic",Media partner profile + property review,Tracking links + partner IDs + sub IDs,https://app.impact.com/,https://impact.com/partners/affiliates/,"https://www.youtube.com/results?search_query=impact.com+affiliate+tutorial",Active,2026-03-10,,,,N,,,,,,,,,,,,,,,,,,,,,,,,,
FlexOffers,Affiliate Network,https://www.flexoffers.com/,https://www.flexoffers.com/signup/,FlexOffers,"Large offer inventory, one dashboard",Varies by advertiser,Advertiser specific,Network schedule,ACH/PayPal/wire/check options,Medium,Global,"General affiliate publishers",Publisher application + review,Affiliate links + sub IDs,https://www.flexoffers.com/login/,https://www.flexoffers.com/faq/,"https://www.youtube.com/results?search_query=flexoffers+affiliate+marketing",Active,2026-03-10,,,,N,,,,,,,,,,,,,,,,,,,,,,,,,
Rakuten Advertising,Affiliate Network,https://rakutenadvertising.com/,https://rakutenadvertising.com/publishers/,Rakuten Advertising,"Enterprise brands, stable network",Varies by advertiser,Advertiser specific,Network payout cycle,Bank transfer/check (region dependent),Medium-High,Global,"Coupon/content/loyalty/media publishers",Publisher site review + quality checks,Publisher ID + tracking links,https://rakutenadvertising.com/,https://pubhelp.rakutenadvertising.com/,"https://www.youtube.com/results?search_query=rakuten+advertising+affiliate+tutorial",Active,2026-03-10,,,,N,,,,,,,,,,,,,,,,,,,,,,,,,
ShareASale,Affiliate Network,https://www.shareasale.com/,https://account.shareasale.com/newsignup.cfm,ShareASale (Awin group),"Beginner friendly, many merchants",Varies by merchant,Merchant specific,Monthly (network schedule),Direct deposit/check/Payoneer (region dependent),Low-Medium,Global,"New and growing affiliates",Website + basic profile approval,Affiliate ID + merchant links,https://account.shareasale.com/,https://www.shareasale.com/faq/faq1/faq1.shtml,"https://www.youtube.com/results?search_query=shareasale+affiliate+tutorial",Active,2026-03-10,,,,N,,,,,,,,,,,,,,,,,,,,,,,,,
PartnerStack,B2B/SaaS Platform,https://partnerstack.com/,https://partnerstack.com/partners,PartnerStack,"Recurring commissions, B2B SaaS focus",Recurring rev share/CPA (program specific),Program specific,Monthly (program terms),Bank/PayPal options,Medium,Global,"SaaS reviewers, consultants, agencies",Partner profile + program applications,Partner links + referral tracking,https://dashboard.partnerstack.com/,https://partnerstack.com/getting-started/,"https://www.youtube.com/results?search_query=partnerstack+affiliate+tutorial",Active,2026-03-10,,,,N,,,,,,,,,,,,,,,,,,,,,,,,,
MaxBounty,CPA Network,https://www.maxbounty.com/,https://www.maxbounty.com/affiliates/,MaxBounty,"High CPA variety, performance focus",CPA/CPL/CPS by offer,Offer specific,Weekly/biweekly (account dependent),Wire/ACH/PayPal/Paxum/check,Medium-High,Global,"Paid traffic and performance marketers",Application + possible phone verification,Affiliate ID + offer tracking links,https://www.maxbounty.com/login,https://www.maxbounty.com/faq/,"https://www.youtube.com/results?search_query=maxbounty+affiliate+tutorial",Active,2026-03-10,,,,N,,,,,,,,,,,,,,,,,,,,,,,,,
Awin,Affiliate Network,https://www.awin.com/,https://ui.awin.com/awin-signup,Awin,"Global network, broad advertiser mix",Varies by advertiser,Advertiser specific,Network payout schedule,Bank transfer/BACS/SEPA (region dependent),Medium,Global,"Content, coupon, loyalty, influencer",Publisher application + profile quality checks,Publisher ID + tracking links + sub IDs,https://ui.awin.com/,https://www.awin.com/us/publishers,"https://www.youtube.com/results?search_query=awin+affiliate+tutorial",Active,2026-03-10,,,,N,,,,,,,,,,,,,,,,,,,,,,,,,
YouTube Shopping Affiliate,Creator Affiliate Program,https://support.google.com/youtube/answer/13376398,https://www.youtube.com/,YouTube Shopping / Creator tools,"Monetize videos with tagged products",Commission per retailer agreement,Retailer/program specific,Platform payout cycle,AdSense/payment profile setup,Medium,Selected countries/channels,"Creators with active YouTube audience",Channel eligibility + policy compliance,Tagged product clicks/conversions,https://studio.youtube.com/,https://support.google.com/youtube/answer/13376398,"https://www.youtube.com/results?search_query=youtube+shopping+affiliate+setup",Active (eligibility based),2026-03-10,,,,N,,,,,,,,,,,,,,,,,,,,,,,,,
Shopify Collabs,Creator Affiliate Platform,https://www.shopify.com/collabs,https://www.shopify.com/collabs,Shopify Collabs,"Direct brand partnerships, creator discovery",Varies by brand (CPA/%),Brand specific,Platform/brand schedule,PayPal/bank (brand dependent),Low-Medium,US + expanding,"Influencers and creator commerce",Creator profile + social metrics,Referral links/codes in Collabs,https://www.shopify.com/collabs,https://help.shopify.com/en/manual/promoting-marketing/collabs,"https://www.youtube.com/results?search_query=shopify+collabs+affiliate+tutorial",Active,2026-03-10,,,,N,,,,,,,,,,,,,,,,,,,,,,,,,
TikTok Shop Affiliate,Creator Affiliate Platform,https://www.tiktok.com/tiktok-shop,https://www.tiktok.com/tiktok-shop,TT Shop affiliate ecosystem,"Short-form conversion, creator-native",% commission by product/seller,Program specific,Platform payout schedule,Platform payout methods,Medium,Region dependent,"Short-video creators",Account eligibility + compliance checks,Product links + creator tracking,https://seller-us.tiktok.com/ or creator center,https://www.tiktok.com/tiktok-shop,"https://www.youtube.com/results?search_query=tiktok+shop+affiliate+setup",Active (region dependent),2026-03-10,,,,N,,,,,,,,,,,,,,,,,,,,,,,,,
